[{"model": "auth.group", "pk": 1, "fields": {"name": "Moderators", "permissions": [4, 5, 6, 7, 1, 2, 3]}}, {"model": "auth.group", "pk": 2, "fields": {"name": "Editors", "permissions": [4, 5, 6, 7, 1, 2, 3]}}, {"model": "auth.user", "pk": 1, "fields": {"password": "pbkdf2_sha256$100000$2Jeksn0AMKrX$iCrgSQR9Gj+atv6kGzusa9TLnjSNvwa9u8rv08b96wQ=", "last_login": "2018-10-25T20:30:20.161Z", "is_superuser": true, "username": "russell", "first_name": "", "last_name": "", "email": "", "is_staff": true, "is_active": true, "date_joined": "2018-10-25T20:29:56.555Z", "groups": [], "user_permissions": []}}, {"model": "sessions.session", "pk": "4o2nobn7fz09z8yzw65oy72djspsiqke", "fields": {"session_data": "OGYyYzRkODIyZTk2Nzg3MzJiNWU0OGY5MzQ1YzdhZDA0MTY5M2I5ZDp7Il9hdXRoX3VzZXJfaWQiOiIxIiwiX2F1dGhfdXNlcl9iYWNrZW5kIjoiZGphbmdvLmNvbnRyaWIuYXV0aC5iYWNrZW5kcy5Nb2RlbEJhY2tlbmQiLCJfYXV0aF91c2VyX2hhc2giOiJhYWI1NWM3ZmQ2MTYxNGZjZGQzMjA5YWM3NmM0MWVjM2NmNWRhZDU4In0=", "expire_date": "2018-11-08T20:30:20.301Z"}}, {"model": "wagtailforms.formsubmission", "pk": 1, "fields": {"form_data": "{\"name\": \"Russell\", \"email\": \"hrussell310@gmail.com\", \"message\": \"Hello DJango\"}", "page": 8, "submit_time": "2018-10-25T22:00:57.631Z"}}, {"model": "wagtailforms.formsubmission", "pk": 2, "fields": {"form_data": "{\"name\": \"Russell\", \"email\": \"hrussell310@gmail.com\", \"message\": \"Hello DJango\"}", "page": 8, "submit_time": "2018-10-25T22:02:09.306Z"}}, {"model": "wagtailforms.formsubmission", "pk": 3, "fields": {"form_data": "{\"name\": \"Hamim\", \"email\": \"hrussell310@gmail.com\", \"message\": \"Hi DJango\"}", "page": 8, "submit_time": "2018-10-25T22:02:37.197Z"}}, {"model": "wagtailforms.formsubmission", "pk": 4, "fields": {"form_data": "{\"name\": \"Hamim\", \"email\": \"hrussell310@gmail.com\", \"message\": \"Hi DJango\"}", "page": 8, "submit_time": "2018-10-25T22:03:51.164Z"}}, {"model": "wagtailforms.formsubmission", "pk": 5, "fields": {"form_data": "{\"name\": \"Hamim\", \"email\": \"hrussell310@gmail.com\", \"message\": \"Hi DJango\"}", "page": 8, "submit_time": "2018-10-25T22:05:09.188Z"}}, {"model": "wagtailforms.formsubmission", "pk": 6, "fields": {"form_data": "{\"name\": \"Russell\", \"email\": \"hrussell310@gmail.com\", \"message\": \"Hello DJango\"}", "page": 8, "submit_time": "2018-10-25T22:05:44.265Z"}}, {"model": "wagtailforms.formsubmission", "pk": 7, "fields": {"form_data": "{\"name\": \"Russell\", \"email\": \"hrussell310@gmail.com\", \"message\": \"Hello DJango\"}", "page": 8, "submit_time": "2018-10-25T22:06:57.403Z"}}, {"model": "wagtailforms.formsubmission", "pk": 8, "fields": {"form_data": "{\"name\": \"Russell\", \"email\": \"hrussell310@gmail.com\", \"message\": \"Hello DJango\"}", "page": 8, "submit_time": "2018-10-25T22:07:28.322Z"}}, {"model": "wagtailforms.formsubmission", "pk": 9, "fields": {"form_data": "{\"name\": \"Russell\", \"email\": \"hrussell310@gmail.com\", \"message\": \"Hello DJango\"}", "page": 8, "submit_time": "2018-10-25T22:07:58.336Z"}}, {"model": "wagtailforms.formsubmission", "pk": 10, "fields": {"form_data": "{\"name\": \"Russell\", \"email\": \"hrussell310@gmail.com\", \"message\": \"Hello DJango\"}", "page": 8, "submit_time": "2018-10-25T22:08:43.435Z"}}, {"model": "wagtailforms.formsubmission", "pk": 11, "fields": {"form_data": "{\"name\": \"Russell\", \"email\": \"hrussell310@gmail.com\", \"message\": \"Hello DJango\"}", "page": 8, "submit_time": "2018-10-25T22:09:13.257Z"}}, {"model": "wagtailforms.formsubmission", "pk": 12, "fields": {"form_data": "{\"name\": \"Russell\", \"email\": \"hrussell310@gmail.com\", \"message\": \"Hello DJango\"}", "page": 8, "submit_time": "2018-10-25T22:09:58.834Z"}}, {"model": "wagtailimages.image", "pk": 1, "fields": {"collection": 1, "title": "Background", "file": "original_images/bg-mobile-fallback.jpg", "width": 1920, "height": 1080, "created_at": "2018-10-25T20:55:08.025Z", "uploaded_by_user": 1, "focal_point_x": null, "focal_point_y": null, "focal_point_width": null, "focal_point_height": null, "file_size": null}}, {"model": "wagtailimages.rendition", "pk": 1, "fields": {"filter_spec": "max-165x165", "file": "images/bg-mobile-fallback.max-165x165.jpg", "width": 165, "height": 92, "focal_point_key": "", "image": 1}}, {"model": "wagtailimages.rendition", "pk": 2, "fields": {"filter_spec": "original", "file": "images/bg-mobile-fallback.original.jpg", "width": 1920, "height": 1080, "focal_point_key": "", "image": 1}}, {"model": "wagtailcore.site", "pk": 2, "fields": {"hostname": "localhost", "port": 80, "site_name": null, "root_page": 4, "is_default_site": true}}, {"model": "wagtailcore.page", "pk": 1, "fields": {"path": "0001", "depth": 1, "numchild": 1, "title": "Root", "draft_title": "Root", "slug": "root", "content_type": 1, "live": true, "has_unpublished_changes": false, "url_path": "/", "owner": null, "seo_title": "", "show_in_menus": false, "search_description": "", "go_live_at": null, "expire_at": null, "expired": false, "locked": false, "first_published_at": null, "last_published_at": null, "latest_revision_created_at": null, "live_revision": null}}, {"model": "wagtailcore.page", "pk": 4, "fields": {"path": "00010001", "depth": 2, "numchild": 3, "title": "\u09a7\u09a8\u09cd\u09af\u09ac\u09be\u09a6", "draft_title": "\u09a7\u09a8\u09cd\u09af\u09ac\u09be\u09a6", "slug": "home", "content_type": 32, "live": true, "has_unpublished_changes": false, "url_path": "/home/", "owner": 1, "seo_title": "", "show_in_menus": false, "search_description": "", "go_live_at": null, "expire_at": null, "expired": false, "locked": false, "first_published_at": "2018-10-25T21:18:30.825Z", "last_published_at": "2018-10-26T03:17:29.681Z", "latest_revision_created_at": "2018-10-26T03:17:29.025Z", "live_revision": 27}}, {"model": "wagtailcore.page", "pk": 5, "fields": {"path": "000100010001", "depth": 3, "numchild": 0, "title": "\u09ac\u09cd\u09b2\u0997", "draft_title": "\u09ac\u09cd\u09b2\u0997", "slug": "blog", "content_type": 27, "live": true, "has_unpublished_changes": false, "url_path": "/home/blog/", "owner": 1, "seo_title": "", "show_in_menus": true, "search_description": "", "go_live_at": null, "expire_at": null, "expired": false, "locked": false, "first_published_at": "2018-10-25T21:20:13.313Z", "last_published_at": "2018-10-26T03:08:42.956Z", "latest_revision_created_at": "2018-10-26T03:08:42.300Z", "live_revision": 24}}, {"model": "wagtailcore.page", "pk": 6, "fields": {"path": "000100010002", "depth": 3, "numchild": 0, "title": "\u0986\u09ae\u09be\u09a6\u09c7\u09b0 \u09b8\u09ae\u09cd\u09aa\u09b0\u09cd\u0995\u09c7", "draft_title": "\u0986\u09ae\u09be\u09a6\u09c7\u09b0 \u09b8\u09ae\u09cd\u09aa\u09b0\u09cd\u0995\u09c7", "slug": "about-us", "content_type": 32, "live": true, "has_unpublished_changes": false, "url_path": "/home/about-us/", "owner": 1, "seo_title": "", "show_in_menus": true, "search_description": "", "go_live_at": null, "expire_at": null, "expired": false, "locked": false, "first_published_at": "2018-10-25T21:20:53.686Z", "last_published_at": "2018-10-26T03:09:28.908Z", "latest_revision_created_at": "2018-10-26T03:09:28.237Z", "live_revision": 26}}, {"model": "wagtailcore.page", "pk": 8, "fields": {"path": "000100010004", "depth": 3, "numchild": 0, "title": "\u09af\u09cb\u0997\u09be\u09af\u09cb\u0997", "draft_title": "\u09af\u09cb\u0997\u09be\u09af\u09cb\u0997", "slug": "contact", "content_type": 36, "live": true, "has_unpublished_changes": false, "url_path": "/home/contact/", "owner": 1, "seo_title": "", "show_in_menus": true, "search_description": "", "go_live_at": null, "expire_at": null, "expired": false, "locked": false, "first_published_at": "2018-10-25T21:47:24.685Z", "last_published_at": "2018-10-26T03:08:59.784Z", "latest_revision_created_at": "2018-10-26T03:08:59.065Z", "live_revision": 25}}, {"model": "wagtailcore.pagerevision", "pk": 7, "fields": {"page": 4, "submitted_for_moderation": false, "created_at": "2018-10-25T21:18:30.356Z", "user": 1, "content_json": "{\"pk\": 4, \"path\": \"00010001\", \"depth\": 2, \"numchild\": 0, \"title\": \"Home\", \"draft_title\": \"Home\", \"slug\": \"home\", \"content_type\": 32, \"live\": true, \"has_unpublished_changes\": false, \"url_path\": \"/home/\", \"owner\": 1, \"seo_title\": \"\", \"show_in_menus\": false, \"search_description\": \"\", \"go_live_at\": null, \"expire_at\": null, \"expired\": false, \"locked\": false, \"first_published_at\": null, \"last_published_at\": null, \"latest_revision_created_at\": null, \"live_revision\": null, \"body\": \"[]\"}", "approved_go_live_at": null}}, {"model": "wagtailcore.pagerevision", "pk": 8, "fields": {"page": 4, "submitted_for_moderation": false, "created_at": "2018-10-25T21:19:09.634Z", "user": 1, "content_json": "{\"pk\": 4, \"path\": \"00010001\", \"depth\": 2, \"numchild\": 0, \"title\": \"Welcome\", \"draft_title\": \"Home\", \"slug\": \"home\", \"content_type\": 32, \"live\": true, \"has_unpublished_changes\": false, \"url_path\": \"/home/\", \"owner\": 1, \"seo_title\": \"\", \"show_in_menus\": false, \"search_description\": \"\", \"go_live_at\": null, \"expire_at\": null, \"expired\": false, \"locked\": false, \"first_published_at\": \"2018-10-25T21:18:30.825Z\", \"last_published_at\": \"2018-10-25T21:18:30.825Z\", \"latest_revision_created_at\": \"2018-10-25T21:18:30.356Z\", \"live_revision\": 7, \"body\": \"[]\"}", "approved_go_live_at": null}}, {"model": "wagtailcore.pagerevision", "pk": 9, "fields": {"page": 5, "submitted_for_moderation": false, "created_at": "2018-10-25T21:20:12.750Z", "user": 1, "content_json": "{\"pk\": 5, \"path\": \"000100010001\", \"depth\": 3, \"numchild\": 0, \"title\": \"Blog\", \"draft_title\": \"Blog\", \"slug\": \"blog\", \"content_type\": 27, \"live\": true, \"has_unpublished_changes\": false, \"url_path\": \"/home/blog/\", \"owner\": 1, \"seo_title\": \"\", \"show_in_menus\": false, \"search_description\": \"\", \"go_live_at\": null, \"expire_at\": null, \"expired\": false, \"locked\": false, \"first_published_at\": null, \"last_published_at\": null, \"latest_revision_created_at\": null, \"live_revision\": null, \"description\": \"\", \"header_image\": null, \"main_color\": \"#4d6ae0\", \"display_comments\": false, \"display_categories\": true, \"display_tags\": true, \"display_popular_entries\": true, \"display_last_entries\": true, \"display_archive\": true, \"disqus_api_secret\": \"\", \"disqus_shortname\": \"\", \"num_entries_page\": 5, \"num_last_entries\": 3, \"num_popular_entries\": 3, \"num_tags_entry_header\": 5, \"short_feed_description\": true}", "approved_go_live_at": null}}, {"model": "wagtailcore.pagerevision", "pk": 10, "fields": {"page": 5, "submitted_for_moderation": false, "created_at": "2018-10-25T21:20:30.828Z", "user": 1, "content_json": "{\"pk\": 5, \"path\": \"000100010001\", \"depth\": 3, \"numchild\": 0, \"title\": \"Blog\", \"draft_title\": \"Blog\", \"slug\": \"blog\", \"content_type\": 27, \"live\": true, \"has_unpublished_changes\": false, \"url_path\": \"/home/blog/\", \"owner\": 1, \"seo_title\": \"\", \"show_in_menus\": true, \"search_description\": \"\", \"go_live_at\": null, \"expire_at\": null, \"expired\": false, \"locked\": false, \"first_published_at\": \"2018-10-25T21:20:13.313Z\", \"last_published_at\": \"2018-10-25T21:20:13.313Z\", \"latest_revision_created_at\": \"2018-10-25T21:20:12.750Z\", \"live_revision\": 9, \"description\": \"\", \"header_image\": null, \"main_color\": \"#4d6ae0\", \"display_comments\": false, \"display_categories\": true, \"display_tags\": true, \"display_popular_entries\": true, \"display_last_entries\": true, \"display_archive\": true, \"disqus_api_secret\": \"\", \"disqus_shortname\": \"\", \"num_entries_page\": 5, \"num_last_entries\": 3, \"num_popular_entries\": 3, \"num_tags_entry_header\": 5, \"short_feed_description\": true}", "approved_go_live_at": null}}, {"model": "wagtailcore.pagerevision", "pk": 11, "fields": {"page": 6, "submitted_for_moderation": false, "created_at": "2018-10-25T21:20:53.124Z", "user": 1, "content_json": "{\"pk\": 6, \"path\": \"000100010002\", \"depth\": 3, \"numchild\": 0, \"title\": \"About Us\", \"draft_title\": \"About Us\", \"slug\": \"about-us\", \"content_type\": 32, \"live\": true, \"has_unpublished_changes\": false, \"url_path\": \"/home/about-us/\", \"owner\": 1, \"seo_title\": \"\", \"show_in_menus\": false, \"search_description\": \"\", \"go_live_at\": null, \"expire_at\": null, \"expired\": false, \"locked\": false, \"first_published_at\": null, \"last_published_at\": null, \"latest_revision_created_at\": null, \"live_revision\": null, \"body\": \"[]\"}", "approved_go_live_at": null}}, {"model": "wagtailcore.pagerevision", "pk": 12, "fields": {"page": 6, "submitted_for_moderation": false, "created_at": "2018-10-25T21:21:17.829Z", "user": 1, "content_json": "{\"pk\": 6, \"path\": \"000100010002\", \"depth\": 3, \"numchild\": 0, \"title\": \"About Us\", \"draft_title\": \"About Us\", \"slug\": \"about-us\", \"content_type\": 32, \"live\": true, \"has_unpublished_changes\": false, \"url_path\": \"/home/about-us/\", \"owner\": 1, \"seo_title\": \"\", \"show_in_menus\": true, \"search_description\": \"\", \"go_live_at\": null, \"expire_at\": null, \"expired\": false, \"locked\": false, \"first_published_at\": \"2018-10-25T21:20:53.686Z\", \"last_published_at\": \"2018-10-25T21:20:53.686Z\", \"latest_revision_created_at\": \"2018-10-25T21:20:53.124Z\", \"live_revision\": 11, \"body\": \"[]\"}", "approved_go_live_at": null}}, {"model": "wagtailcore.pagerevision", "pk": 15, "fields": {"page": 8, "submitted_for_moderation": false, "created_at": "2018-10-25T21:47:24.123Z", "user": 1, "content_json": "{\"pk\": 8, \"path\": \"000100010004\", \"depth\": 3, \"numchild\": 0, \"title\": \"Contact Us\", \"draft_title\": \"Contact Us\", \"slug\": \"contact-us\", \"content_type\": 36, \"live\": true, \"has_unpublished_changes\": false, \"url_path\": \"/home/contact-us/\", \"owner\": 1, \"seo_title\": \"\", \"show_in_menus\": true, \"search_description\": \"\", \"go_live_at\": null, \"expire_at\": null, \"expired\": false, \"locked\": false, \"first_published_at\": null, \"last_published_at\": null, \"latest_revision_created_at\": null, \"live_revision\": null, \"to_address\": \"\", \"from_address\": \"\", \"subject\": \"\", \"thank_you_text\": \"\", \"custom_form_fields\": []}", "approved_go_live_at": null}}, {"model": "wagtailcore.pagerevision", "pk": 16, "fields": {"page": 8, "submitted_for_moderation": false, "created_at": "2018-10-25T21:52:28.784Z", "user": 1, "content_json": "{\"pk\": 8, \"path\": \"000100010004\", \"depth\": 3, \"numchild\": 0, \"title\": \"Contact Us\", \"draft_title\": \"Contact Us\", \"slug\": \"contact-us\", \"content_type\": 36, \"live\": true, \"has_unpublished_changes\": false, \"url_path\": \"/home/contact-us/\", \"owner\": 1, \"seo_title\": \"\", \"show_in_menus\": true, \"search_description\": \"\", \"go_live_at\": null, \"expire_at\": null, \"expired\": false, \"locked\": false, \"first_published_at\": \"2018-10-25T21:47:24.685Z\", \"last_published_at\": \"2018-10-25T21:47:24.685Z\", \"latest_revision_created_at\": \"2018-10-25T21:47:24.123Z\", \"live_revision\": 15, \"to_address\": \"\", \"from_address\": \"\", \"subject\": \"\", \"intro\": \"\", \"thank_you_text\": \"<p></p>\", \"form_fields\": [{\"pk\": null, \"sort_order\": 0, \"label\": \"Name\", \"field_type\": \"singleline\", \"required\": true, \"choices\": \"\", \"default_value\": \"\", \"help_text\": \"Name\", \"page\": 8}, {\"pk\": null, \"sort_order\": 1, \"label\": \"Email\", \"field_type\": \"email\", \"required\": true, \"choices\": \"\", \"default_value\": \"\", \"help_text\": \"Email\", \"page\": 8}, {\"pk\": null, \"sort_order\": 2, \"label\": \"Message\", \"field_type\": \"multiline\", \"required\": true, \"choices\": \"\", \"default_value\": \"\", \"help_text\": \"Message\", \"page\": 8}]}", "approved_go_live_at": null}}, {"model": "wagtailcore.pagerevision", "pk": 17, "fields": {"page": 8, "submitted_for_moderation": false, "created_at": "2018-10-25T22:03:45.586Z", "user": 1, "content_json": "{\"pk\": 8, \"path\": \"000100010004\", \"depth\": 3, \"numchild\": 0, \"title\": \"Contact Us\", \"draft_title\": \"Contact Us\", \"slug\": \"contact-us\", \"content_type\": 36, \"live\": true, \"has_unpublished_changes\": false, \"url_path\": \"/home/contact-us/\", \"owner\": 1, \"seo_title\": \"\", \"show_in_menus\": true, \"search_description\": \"\", \"go_live_at\": null, \"expire_at\": null, \"expired\": false, \"locked\": false, \"first_published_at\": \"2018-10-25T21:47:24.685Z\", \"last_published_at\": \"2018-10-25T21:52:29.472Z\", \"latest_revision_created_at\": \"2018-10-25T21:52:28.784Z\", \"live_revision\": 16, \"to_address\": \"\", \"from_address\": \"\", \"subject\": \"\", \"intro\": \"\", \"thank_you_text\": \"<p>Thanks for submitting your interest. We will contact you soon</p>\", \"form_fields\": [{\"pk\": 1, \"sort_order\": 0, \"label\": \"Name\", \"field_type\": \"singleline\", \"required\": true, \"choices\": \"\", \"default_value\": \"\", \"help_text\": \"Name\", \"page\": 8}, {\"pk\": 2, \"sort_order\": 1, \"label\": \"Email\", \"field_type\": \"email\", \"required\": true, \"choices\": \"\", \"default_value\": \"\", \"help_text\": \"Email\", \"page\": 8}, {\"pk\": 3, \"sort_order\": 2, \"label\": \"Message\", \"field_type\": \"multiline\", \"required\": true, \"choices\": \"\", \"default_value\": \"\", \"help_text\": \"Message\", \"page\": 8}]}", "approved_go_live_at": null}}, {"model": "wagtailcore.pagerevision", "pk": 18, "fields": {"page": 8, "submitted_for_moderation": false, "created_at": "2018-10-25T22:04:53.704Z", "user": 1, "content_json": "{\"pk\": 8, \"path\": \"000100010004\", \"depth\": 3, \"numchild\": 0, \"title\": \"Contact Us\", \"draft_title\": \"Contact Us\", \"slug\": \"contact-us\", \"content_type\": 36, \"live\": true, \"has_unpublished_changes\": false, \"url_path\": \"/home/contact-us/\", \"owner\": 1, \"seo_title\": \"\", \"show_in_menus\": true, \"search_description\": \"\", \"go_live_at\": null, \"expire_at\": null, \"expired\": false, \"locked\": false, \"first_published_at\": \"2018-10-25T21:47:24.685Z\", \"last_published_at\": \"2018-10-25T22:03:46.383Z\", \"latest_revision_created_at\": \"2018-10-25T22:03:45.586Z\", \"live_revision\": 17, \"to_address\": \"\", \"from_address\": \"\", \"subject\": \"\", \"intro\": \"\", \"thank_you_text\": \"<p>Thanks for submitting your interest.</p><p>We will contact you soon</p>\", \"form_fields\": [{\"pk\": 1, \"sort_order\": 0, \"label\": \"Name\", \"field_type\": \"singleline\", \"required\": true, \"choices\": \"\", \"default_value\": \"\", \"help_text\": \"Name\", \"page\": 8}, {\"pk\": 2, \"sort_order\": 1, \"label\": \"Email\", \"field_type\": \"email\", \"required\": true, \"choices\": \"\", \"default_value\": \"\", \"help_text\": \"Email\", \"page\": 8}, {\"pk\": 3, \"sort_order\": 2, \"label\": \"Message\", \"field_type\": \"multiline\", \"required\": true, \"choices\": \"\", \"default_value\": \"\", \"help_text\": \"Message\", \"page\": 8}]}", "approved_go_live_at": null}}, {"model": "wagtailcore.pagerevision", "pk": 19, "fields": {"page": 8, "submitted_for_moderation": false, "created_at": "2018-10-25T22:09:53.865Z", "user": 1, "content_json": "{\"pk\": 8, \"path\": \"000100010004\", \"depth\": 3, \"numchild\": 0, \"title\": \"Contact Us\", \"draft_title\": \"Contact Us\", \"slug\": \"contact-us\", \"content_type\": 36, \"live\": true, \"has_unpublished_changes\": false, \"url_path\": \"/home/contact-us/\", \"owner\": 1, \"seo_title\": \"\", \"show_in_menus\": true, \"search_description\": \"\", \"go_live_at\": null, \"expire_at\": null, \"expired\": false, \"locked\": false, \"first_published_at\": \"2018-10-25T21:47:24.685Z\", \"last_published_at\": \"2018-10-25T22:04:54.360Z\", \"latest_revision_created_at\": \"2018-10-25T22:04:53.704Z\", \"live_revision\": 18, \"to_address\": \"\", \"from_address\": \"\", \"subject\": \"\", \"intro\": \"\", \"thank_you_text\": \"<p>Thanks for submitting your interest.</p><p>We will contact you soon</p><p>Stay with us</p>\", \"form_fields\": [{\"pk\": 1, \"sort_order\": 0, \"label\": \"Name\", \"field_type\": \"singleline\", \"required\": true, \"choices\": \"\", \"default_value\": \"\", \"help_text\": \"Name\", \"page\": 8}, {\"pk\": 2, \"sort_order\": 1, \"label\": \"Email\", \"field_type\": \"email\", \"required\": true, \"choices\": \"\", \"default_value\": \"\", \"help_text\": \"Email\", \"page\": 8}, {\"pk\": 3, \"sort_order\": 2, \"label\": \"Message\", \"field_type\": \"multiline\", \"required\": true, \"choices\": \"\", \"default_value\": \"\", \"help_text\": \"Message\", \"page\": 8}]}", "approved_go_live_at": null}}, {"model": "wagtailcore.pagerevision", "pk": 20, "fields": {"page": 8, "submitted_for_moderation": false, "created_at": "2018-10-25T22:10:51.368Z", "user": 1, "content_json": "{\"pk\": 8, \"path\": \"000100010004\", \"depth\": 3, \"numchild\": 0, \"title\": \"Contact\", \"draft_title\": \"Contact Us\", \"slug\": \"contact\", \"content_type\": 36, \"live\": true, \"has_unpublished_changes\": false, \"url_path\": \"/home/contact-us/\", \"owner\": 1, \"seo_title\": \"\", \"show_in_menus\": true, \"search_description\": \"\", \"go_live_at\": null, \"expire_at\": null, \"expired\": false, \"locked\": false, \"first_published_at\": \"2018-10-25T21:47:24.685Z\", \"last_published_at\": \"2018-10-25T22:09:54.568Z\", \"latest_revision_created_at\": \"2018-10-25T22:09:53.865Z\", \"live_revision\": 19, \"to_address\": \"\", \"from_address\": \"\", \"subject\": \"\", \"intro\": \"\", \"thank_you_text\": \"<p>Thanks for submitting your interest.</p><p>We will contact you soon</p><p>Stay with us</p>\", \"form_fields\": [{\"pk\": 1, \"sort_order\": 0, \"label\": \"Name\", \"field_type\": \"singleline\", \"required\": true, \"choices\": \"\", \"default_value\": \"\", \"help_text\": \"Name\", \"page\": 8}, {\"pk\": 2, \"sort_order\": 1, \"label\": \"Email\", \"field_type\": \"email\", \"required\": true, \"choices\": \"\", \"default_value\": \"\", \"help_text\": \"Email\", \"page\": 8}, {\"pk\": 3, \"sort_order\": 2, \"label\": \"Message\", \"field_type\": \"multiline\", \"required\": true, \"choices\": \"\", \"default_value\": \"\", \"help_text\": \"Message\", \"page\": 8}]}", "approved_go_live_at": null}}, {"model": "wagtailcore.pagerevision", "pk": 21, "fields": {"page": 4, "submitted_for_moderation": false, "created_at": "2018-10-25T22:12:32.335Z", "user": 1, "content_json": "{\"pk\": 4, \"path\": \"00010001\", \"depth\": 2, \"numchild\": 3, \"title\": \"Welcome\", \"draft_title\": \"Welcome\", \"slug\": \"home\", \"content_type\": 32, \"live\": true, \"has_unpublished_changes\": false, \"url_path\": \"/home/\", \"owner\": 1, \"seo_title\": \"\", \"show_in_menus\": false, \"search_description\": \"\", \"go_live_at\": null, \"expire_at\": null, \"expired\": false, \"locked\": false, \"first_published_at\": \"2018-10-25T21:18:30.825Z\", \"last_published_at\": \"2018-10-25T21:19:10.259Z\", \"latest_revision_created_at\": \"2018-10-25T21:19:09.634Z\", \"live_revision\": 8, \"body\": \"[{\\\"type\\\": \\\"two_columns\\\", \\\"value\\\": {\\\"left_column\\\": [{\\\"type\\\": \\\"image\\\", \\\"value\\\": 1, \\\"id\\\": \\\"630dfd71-bcc9-4b6c-9098-0a72dbcd644a\\\"}], \\\"right_column\\\": [{\\\"type\\\": \\\"paragraph\\\", \\\"value\\\": \\\"<p> </p><p>The form look good with our Bootstrap theme, and you can easily add,  edit and remove form fields as you like in Wagtail admin, no coding is  needed!</p><p>Next, we try to send submission in form page and check the results.</p><p>After we send submission, here is the thank you page.</p>\\\", \\\"id\\\": \\\"683814c5-1876-4c04-a33c-940f4ff00de2\\\"}]}, \\\"id\\\": \\\"39b5fd54-7e24-47eb-a04a-121a13371990\\\"}]\"}", "approved_go_live_at": null}}, {"model": "wagtailcore.pagerevision", "pk": 22, "fields": {"page": 8, "submitted_for_moderation": false, "created_at": "2018-10-26T03:04:16.558Z", "user": 1, "content_json": "{\"pk\": 8, \"path\": \"000100010004\", \"depth\": 3, \"numchild\": 0, \"title\": \"Contact\", \"draft_title\": \"Contact\", \"slug\": \"contact\", \"content_type\": 36, \"live\": true, \"has_unpublished_changes\": false, \"url_path\": \"/home/contact/\", \"owner\": 1, \"seo_title\": \"\", \"show_in_menus\": true, \"search_description\": \"\", \"go_live_at\": null, \"expire_at\": null, \"expired\": false, \"locked\": false, \"first_published_at\": \"2018-10-25T21:47:24.685Z\", \"last_published_at\": \"2018-10-25T22:10:52.056Z\", \"latest_revision_created_at\": \"2018-10-25T22:10:51.368Z\", \"live_revision\": 20, \"to_address\": \"\", \"from_address\": \"\", \"subject\": \"\", \"intro\": \"\", \"thank_you_text\": \"<p>Thanks for submitting your interest.</p><p>We will contact you soon</p><p>Stay with us</p>\", \"form_fields\": [{\"pk\": 1, \"sort_order\": 0, \"label\": \"\\u09a8\\u09be\\u09ae\", \"field_type\": \"singleline\", \"required\": true, \"choices\": \"\", \"default_value\": \"\", \"help_text\": \"\\u09a8\\u09be\\u09ae\", \"page\": 8}, {\"pk\": 2, \"sort_order\": 1, \"label\": \"\\u0987\\u09ae\\u09c7\\u0987\\u09b2\", \"field_type\": \"email\", \"required\": true, \"choices\": \"\", \"default_value\": \"\", \"help_text\": \"\\u0987\\u09ae\\u09c7\\u0987\\u09b2\", \"page\": 8}, {\"pk\": 3, \"sort_order\": 2, \"label\": \"\\u09ae\\u09c7\\u09b8\\u09c7\\u099c\", \"field_type\": \"multiline\", \"required\": true, \"choices\": \"\", \"default_value\": \"\", \"help_text\": \"\\u09ae\\u09c7\\u09b8\\u09c7\\u099c\", \"page\": 8}]}", "approved_go_live_at": null}}, {"model": "wagtailcore.pagerevision", "pk": 23, "fields": {"page": 8, "submitted_for_moderation": false, "created_at": "2018-10-26T03:04:51.715Z", "user": 1, "content_json": "{\"pk\": 8, \"path\": \"000100010004\", \"depth\": 3, \"numchild\": 0, \"title\": \"Contact\", \"draft_title\": \"Contact\", \"slug\": \"contact\", \"content_type\": 36, \"live\": true, \"has_unpublished_changes\": false, \"url_path\": \"/home/contact/\", \"owner\": 1, \"seo_title\": \"\", \"show_in_menus\": true, \"search_description\": \"\", \"go_live_at\": null, \"expire_at\": null, \"expired\": false, \"locked\": false, \"first_published_at\": \"2018-10-25T21:47:24.685Z\", \"last_published_at\": \"2018-10-26T03:04:17.402Z\", \"latest_revision_created_at\": \"2018-10-26T03:04:16.558Z\", \"live_revision\": 22, \"to_address\": \"\", \"from_address\": \"\", \"subject\": \"\", \"intro\": \"\", \"thank_you_text\": \"<p>Thanks for submitting your interest.</p><p>We will contact you soon</p><p>Stay with us</p>\", \"form_fields\": [{\"pk\": 1, \"sort_order\": 0, \"label\": \"\\u09a8\\u09be\\u09ae\", \"field_type\": \"singleline\", \"required\": true, \"choices\": \"\", \"default_value\": \"\", \"help_text\": \"\", \"page\": 8}, {\"pk\": 2, \"sort_order\": 1, \"label\": \"\\u0987\\u09ae\\u09c7\\u0987\\u09b2\", \"field_type\": \"email\", \"required\": true, \"choices\": \"\", \"default_value\": \"\", \"help_text\": \"\", \"page\": 8}, {\"pk\": 3, \"sort_order\": 2, \"label\": \"\\u09ae\\u09c7\\u09b8\\u09c7\\u099c\", \"field_type\": \"multiline\", \"required\": true, \"choices\": \"\", \"default_value\": \"\", \"help_text\": \"\", \"page\": 8}]}", "approved_go_live_at": null}}, {"model": "wagtailcore.pagerevision", "pk": 24, "fields": {"page": 5, "submitted_for_moderation": false, "created_at": "2018-10-26T03:08:42.300Z", "user": 1, "content_json": "{\"pk\": 5, \"path\": \"000100010001\", \"depth\": 3, \"numchild\": 0, \"title\": \"\\u09ac\\u09cd\\u09b2\\u0997\", \"draft_title\": \"Blog\", \"slug\": \"blog\", \"content_type\": 27, \"live\": true, \"has_unpublished_changes\": false, \"url_path\": \"/home/blog/\", \"owner\": 1, \"seo_title\": \"\", \"show_in_menus\": true, \"search_description\": \"\", \"go_live_at\": null, \"expire_at\": null, \"expired\": false, \"locked\": false, \"first_published_at\": \"2018-10-25T21:20:13.313Z\", \"last_published_at\": \"2018-10-25T21:20:31.515Z\", \"latest_revision_created_at\": \"2018-10-25T21:20:30.828Z\", \"live_revision\": 10, \"description\": \"\", \"header_image\": null, \"main_color\": \"#4d6ae0\", \"display_comments\": false, \"display_categories\": true, \"display_tags\": true, \"display_popular_entries\": true, \"display_last_entries\": true, \"display_archive\": true, \"disqus_api_secret\": \"\", \"disqus_shortname\": \"\", \"num_entries_page\": 5, \"num_last_entries\": 3, \"num_popular_entries\": 3, \"num_tags_entry_header\": 5, \"short_feed_description\": true}", "approved_go_live_at": null}}, {"model": "wagtailcore.pagerevision", "pk": 25, "fields": {"page": 8, "submitted_for_moderation": false, "created_at": "2018-10-26T03:08:59.065Z", "user": 1, "content_json": "{\"pk\": 8, \"path\": \"000100010004\", \"depth\": 3, \"numchild\": 0, \"title\": \"\\u09af\\u09cb\\u0997\\u09be\\u09af\\u09cb\\u0997\", \"draft_title\": \"Contact\", \"slug\": \"contact\", \"content_type\": 36, \"live\": true, \"has_unpublished_changes\": false, \"url_path\": \"/home/contact/\", \"owner\": 1, \"seo_title\": \"\", \"show_in_menus\": true, \"search_description\": \"\", \"go_live_at\": null, \"expire_at\": null, \"expired\": false, \"locked\": false, \"first_published_at\": \"2018-10-25T21:47:24.685Z\", \"last_published_at\": \"2018-10-26T03:04:52.512Z\", \"latest_revision_created_at\": \"2018-10-26T03:04:51.715Z\", \"live_revision\": 23, \"to_address\": \"\", \"from_address\": \"\", \"subject\": \"\", \"intro\": \"\", \"thank_you_text\": \"<p>Thanks for submitting your interest.</p><p>We will contact you soon</p><p>Stay with us</p>\", \"form_fields\": [{\"pk\": 1, \"sort_order\": 0, \"label\": \"\\u09a8\\u09be\\u09ae\", \"field_type\": \"singleline\", \"required\": true, \"choices\": \"\", \"default_value\": \"\", \"help_text\": \"\", \"page\": 8}, {\"pk\": 2, \"sort_order\": 1, \"label\": \"\\u0987\\u09ae\\u09c7\\u0987\\u09b2\", \"field_type\": \"email\", \"required\": true, \"choices\": \"\", \"default_value\": \"\", \"help_text\": \"\", \"page\": 8}, {\"pk\": 3, \"sort_order\": 2, \"label\": \"\\u09ae\\u09c7\\u09b8\\u09c7\\u099c\", \"field_type\": \"multiline\", \"required\": true, \"choices\": \"\", \"default_value\": \"\", \"help_text\": \"\", \"page\": 8}]}", "approved_go_live_at": null}}, {"model": "wagtailcore.pagerevision", "pk": 26, "fields": {"page": 6, "submitted_for_moderation": false, "created_at": "2018-10-26T03:09:28.237Z", "user": 1, "content_json": "{\"pk\": 6, \"path\": \"000100010002\", \"depth\": 3, \"numchild\": 0, \"title\": \"\\u0986\\u09ae\\u09be\\u09a6\\u09c7\\u09b0 \\u09b8\\u09ae\\u09cd\\u09aa\\u09b0\\u09cd\\u0995\\u09c7\", \"draft_title\": \"About Us\", \"slug\": \"about-us\", \"content_type\": 32, \"live\": true, \"has_unpublished_changes\": false, \"url_path\": \"/home/about-us/\", \"owner\": 1, \"seo_title\": \"\", \"show_in_menus\": true, \"search_description\": \"\", \"go_live_at\": null, \"expire_at\": null, \"expired\": false, \"locked\": false, \"first_published_at\": \"2018-10-25T21:20:53.686Z\", \"last_published_at\": \"2018-10-25T21:21:18.501Z\", \"latest_revision_created_at\": \"2018-10-25T21:21:17.829Z\", \"live_revision\": 12, \"body\": \"[]\"}", "approved_go_live_at": null}}, {"model": "wagtailcore.pagerevision", "pk": 27, "fields": {"page": 4, "submitted_for_moderation": false, "created_at": "2018-10-26T03:17:29.025Z", "user": 1, "content_json": "{\"pk\": 4, \"path\": \"00010001\", \"depth\": 2, \"numchild\": 3, \"title\": \"\\u09a7\\u09a8\\u09cd\\u09af\\u09ac\\u09be\\u09a6\", \"draft_title\": \"Welcome\", \"slug\": \"home\", \"content_type\": 32, \"live\": true, \"has_unpublished_changes\": false, \"url_path\": \"/home/\", \"owner\": 1, \"seo_title\": \"\", \"show_in_menus\": false, \"search_description\": \"\", \"go_live_at\": null, \"expire_at\": null, \"expired\": false, \"locked\": false, \"first_published_at\": \"2018-10-25T21:18:30.825Z\", \"last_published_at\": \"2018-10-25T22:12:33.007Z\", \"latest_revision_created_at\": \"2018-10-25T22:12:32.335Z\", \"live_revision\": 21, \"body\": \"[{\\\"type\\\": \\\"two_columns\\\", \\\"value\\\": {\\\"left_column\\\": [{\\\"type\\\": \\\"image\\\", \\\"value\\\": 1, \\\"id\\\": \\\"630dfd71-bcc9-4b6c-9098-0a72dbcd644a\\\"}], \\\"right_column\\\": [{\\\"type\\\": \\\"paragraph\\\", \\\"value\\\": \\\"<p></p><p>The form look good with our Bootstrap theme, and you can easily add, edit and remove form fields as you like in Wagtail admin, no coding is needed!</p><p>Next, we try to send submission in form page and check the results.</p><p>After we send submission, here is the thank you page.</p>\\\", \\\"id\\\": \\\"683814c5-1876-4c04-a33c-940f4ff00de2\\\"}]}, \\\"id\\\": \\\"39b5fd54-7e24-47eb-a04a-121a13371990\\\"}]\"}", "approved_go_live_at": null}}, {"model": "wagtailcore.grouppagepermission", "pk": 1, "fields": {"group": 1, "page": 1, "permission_type": "add"}}, {"model": "wagtailcore.grouppagepermission", "pk": 2, "fields": {"group": 1, "page": 1, "permission_type": "edit"}}, {"model": "wagtailcore.grouppagepermission", "pk": 3, "fields": {"group": 1, "page": 1, "permission_type": "publish"}}, {"model": "wagtailcore.grouppagepermission", "pk": 4, "fields": {"group": 2, "page": 1, "permission_type": "add"}}, {"model": "wagtailcore.grouppagepermission", "pk": 5, "fields": {"group": 2, "page": 1, "permission_type": "edit"}}, {"model": "wagtailcore.grouppagepermission", "pk": 6, "fields": {"group": 1, "page": 1, "permission_type": "lock"}}, {"model": "wagtailcore.collection", "pk": 1, "fields": {"path": "0001", "depth": 1, "numchild": 0, "name": "Root"}}, {"model": "wagtailcore.groupcollectionpermission", "pk": 1, "fields": {"group": 2, "collection": 1, "permission": 1}}, {"model": "wagtailcore.groupcollectionpermission", "pk": 2, "fields": {"group": 1, "collection": 1, "permission": 1}}, {"model": "wagtailcore.groupcollectionpermission", "pk": 3, "fields": {"group": 2, "collection": 1, "permission": 2}}, {"model": "wagtailcore.groupcollectionpermission", "pk": 4, "fields": {"group": 1, "collection": 1, "permission": 2}}, {"model": "wagtailcore.groupcollectionpermission", "pk": 5, "fields": {"group": 2, "collection": 1, "permission": 5}}, {"model": "wagtailcore.groupcollectionpermission", "pk": 6, "fields": {"group": 1, "collection": 1, "permission": 5}}, {"model": "wagtailcore.groupcollectionpermission", "pk": 7, "fields": {"group": 2, "collection": 1, "permission": 6}}, {"model": "wagtailcore.groupcollectionpermission", "pk": 8, "fields": {"group": 1, "collection": 1, "permission": 6}}, {"model": "puput.blogpage", "pk": 5, "fields": {"description": "", "header_image": null, "main_color": "#4d6ae0", "display_comments": false, "display_categories": true, "display_tags": true, "display_popular_entries": true, "display_last_entries": true, "display_archive": true, "disqus_api_secret": "", "disqus_shortname": "", "num_entries_page": 5, "num_last_entries": 3, "num_popular_entries": 3, "num_tags_entry_header": 5, "short_feed_description": true}}, {"model": "puput.singlepages", "pk": 4, "fields": {"body": "[{\"type\": \"two_columns\", \"value\": {\"left_column\": [{\"type\": \"image\", \"value\": 1, \"id\": \"630dfd71-bcc9-4b6c-9098-0a72dbcd644a\"}], \"right_column\": [{\"type\": \"paragraph\", \"value\": \"<p></p><p>The form look good with our Bootstrap theme, and you can easily add, edit and remove form fields as you like in Wagtail admin, no coding is needed!</p><p>Next, we try to send submission in form page and check the results.</p><p>After we send submission, here is the thank you page.</p>\", \"id\": \"683814c5-1876-4c04-a33c-940f4ff00de2\"}]}, \"id\": \"39b5fd54-7e24-47eb-a04a-121a13371990\"}]"}}, {"model": "puput.singlepages", "pk": 6, "fields": {"body": "[]"}}, {"model": "puput.formfield", "pk": 1, "fields": {"sort_order": 0, "label": "\u09a8\u09be\u09ae", "field_type": "singleline", "required": true, "choices": "", "default_value": "", "help_text": "", "page": 8}}, {"model": "puput.formfield", "pk": 2, "fields": {"sort_order": 1, "label": "\u0987\u09ae\u09c7\u0987\u09b2", "field_type": "email", "required": true, "choices": "", "default_value": "", "help_text": "", "page": 8}}, {"model": "puput.formfield", "pk": 3, "fields": {"sort_order": 2, "label": "\u09ae\u09c7\u09b8\u09c7\u099c", "field_type": "multiline", "required": true, "choices": "", "default_value": "", "help_text": "", "page": 8}}, {"model": "puput.formpage", "pk": 8, "fields": {"to_address": "", "from_address": "", "subject": "", "intro": "", "thank_you_text": "<p>Thanks for submitting your interest.</p><p>We will contact you soon</p><p>Stay with us</p>"}}]